{"accuracy": [0.5918557643890381, 0.5901243686676025, 0.4742719829082489, 0.41418710350990295, 0.41318851709365845, 0.4112392067909241, 0.4111192524433136, 0.4106992185115814, 0.41123029589653015, 0.4132084250450134, 0.41605842113494873, 0.4160804748535156, 0.41655901074409485, 0.4163754880428314, 0.41590458154678345, 0.41653019189834595, 0.4162559509277344, 0.41830146312713623, 0.4214850664138794, 0.4225561320781708, 0.4234318137168884, 0.42434099316596985, 0.42761483788490295, 0.4504648745059967, 0.4437607526779175, 0.4968571066856384, 0.434306263923645, 0.4235309958457947, 0.4233928322792053, 0.4313138425350189, 0.5369067788124084, 0.5027991533279419, 0.45151180028915405, 0.5018450617790222, 0.73045814037323, 0.7327940464019775, 0.4910515546798706, 0.48046576976776123, 0.5219112038612366, 0.5291896462440491, 0.6040352582931519, 0.4758843183517456, 0.4782041013240814, 0.7276920676231384, 0.62664794921875, 0.5442992448806763, 0.45214420557022095, 0.440948486328125, 0.4774814248085022, 0.5808860063552856, 0.7456699013710022, 0.5139787197113037, 0.7343342900276184, 0.6835026144981384, 0.5326160788536072, 0.5241860151290894, 0.5748519897460938, 0.6246668696403503, 0.6421847939491272, 0.6412146091461182, 0.6659643650054932, 0.7189614772796631, 0.6936026811599731, 0.7547556757926941, 0.784088134765625, 0.794501006603241, 0.4466573894023895, 0.6037258505821228, 0.5929539799690247, 0.5928963422775269], "loss": [0.6234606504440308, 0.6227666139602661, 0.6238005757331848, 0.6224724054336548, 0.6226490139961243, 0.6235952973365784, 0.6224126815795898, 0.6284909844398499, 0.6234338283538818, 0.6234595775604248, 0.6226739287376404, 0.6238260269165039, 0.6231825947761536, 0.6219133138656616, 0.6221523284912109, 0.6228029131889343, 0.6282283067703247, 0.6222407221794128, 0.6226332187652588, 0.6222795248031616, 0.622135579586029, 0.6220407485961914, 0.6217101812362671, 0.621364414691925, 0.6205849051475525, 0.6212626695632935, 0.6206448078155518, 0.6208553910255432, 0.6216686964035034, 0.6213961839675903, 0.613753080368042, 0.6331979036331177, 0.6141762733459473, 0.6117950677871704, 0.6029759049415588, 0.5953115820884705, 0.5985414385795593, 0.6020047068595886, 0.5817596912384033, 0.66157466173172, 0.5417277216911316, 0.6130786538124084, 0.5980049967765808, 0.5777876973152161, 0.6159915328025818, 0.5934597253799438, 0.5991878509521484, 0.6043261289596558, 0.5920901298522949, 0.5774876475334167, 0.5630906224250793, 0.5866611003875732, 0.5708929300308228, 0.5662449598312378, 0.5863298177719116, 0.5770798921585083, 0.5691156387329102, 0.5517451167106628, 0.5332159996032715, 0.5122190713882446, 0.5046181678771973, 0.5770778059959412, 0.48219797015190125, 0.45434167981147766, 0.4277622699737549, 0.39156121015548706, 1.0203336477279663, 0.5769912004470825, 0.61783766746521, 0.61543208360672], "val_accuracy": [0.4790195822715759, 0.49193403124809265, 0.5235388278961182, 0.5247493386268616, 0.5228369235992432, 0.5225194096565247, 0.5223566889762878, 0.5223753452301025, 0.5234981179237366, 0.52591872215271, 0.5265142917633057, 0.5265125632286072, 0.5264926552772522, 0.5263510942459106, 0.5264273881912231, 0.5265401005744934, 0.526543915271759, 0.5294308066368103, 0.5309295654296875, 0.53094482421875, 0.5329259037971497, 0.5338973999023438, 0.5421150922775269, 0.5448439121246338, 0.57353675365448, 0.5454750061035156, 0.5318942666053772, 0.5317060947418213, 0.5360743403434753, 0.4829796552658081, 0.6164796352386475, 0.5595538020133972, 0.5551066994667053, 0.6979653835296631, 0.7784588932991028, 0.6018761396408081, 0.5612360835075378, 0.6194576621055603, 0.6033130288124084, 0.6860678195953369, 0.5887942910194397, 0.5621261596679688, 0.7745463252067566, 0.48106300830841064, 0.6865543723106384, 0.5612937211990356, 0.5472357273101807, 0.564416229724884, 0.6317893266677856, 0.7075924277305603, 0.618465006351471, 0.6853621006011963, 0.61568284034729, 0.6305736899375916, 0.6049652099609375, 0.6343070268630981, 0.6635119318962097, 0.6725243330001831, 0.6735373735427856, 0.68473219871521, 0.5343738198280334, 0.7370961308479309, 0.813899576663971, 0.6872689723968506, 0.762274444103241, 0.5788035988807678, 0.5871247053146362, 0.4807455241680145, 0.480608195066452, 0.4806209206581116], "val_loss": [0.5931488275527954, 0.5923376679420471, 0.5913841724395752, 0.5909104347229004, 0.5906806588172913, 0.5897172093391418, 0.5890511274337769, 0.5889321565628052, 0.5897104144096375, 0.5901218056678772, 0.5902661085128784, 0.5900280475616455, 0.5893556475639343, 0.5892899036407471, 0.5890509486198425, 0.5888058543205261, 0.588420569896698, 0.5894166231155396, 0.5900284647941589, 0.590020477771759, 0.5894441604614258, 0.5889875888824463, 0.5895298719406128, 0.5883619785308838, 0.5878823399543762, 0.5860177278518677, 0.5834259390830994, 0.5797020792961121, 0.5763710141181946, 0.5915044546127319, 0.5727526545524597, 0.5640106201171875, 0.5642200708389282, 0.5794550776481628, 0.5699656009674072, 0.5562313795089722, 0.5421299934387207, 0.5434601306915283, 0.5265275835990906, 0.5133416652679443, 0.5096431970596313, 0.5211672186851501, 0.5460700392723083, 0.6538734436035156, 0.556854784488678, 0.5480801463127136, 0.5366035103797913, 0.531815230846405, 0.5417286157608032, 0.559501588344574, 0.4760647416114807, 0.5626554489135742, 0.583787739276886, 0.5305089354515076, 0.5263926982879639, 0.5305398106575012, 0.534866452217102, 0.5404703617095947, 0.5021170973777771, 0.48574066162109375, 0.8155958652496338, 0.4597340226173401, 0.3956206440925598, 0.5343657732009888, 0.42757245898246765, 0.702709436416626, 0.5091238617897034, 0.6338962316513062, 0.64957195520401, 0.6200627088546753]}